{
  "landmark_100": {
    "x": 0.5296391546726227,
    "y": 0.22542082518339157
  },
  "landmark_101": {
    "x": 0.5260961949825287,
    "y": 0.47914138436317444
  },
  "landmark_0": {
    "x": 0.5293378829956055,
    "y": 0.13732483983039856
  },
  "landmark_11": {
    "x": 0.5793124437332153,
    "y": 0.22520408034324646
  },
  "landmark_12": {
    "x": 0.47996586561203003,
    "y": 0.22563757002353668
  },
  "landmark_13": {
    "x": 0.6497881412506104,
    "y": 0.22798265516757965
  },
  "landmark_14": {
    "x": 0.4070133566856384,
    "y": 0.23593175411224365
  },
  "landmark_15": {
    "x": 0.715758740901947,
    "y": 0.22191181778907776
  },
  "landmark_16": {
    "x": 0.33647388219833374,
    "y": 0.22781798243522644
  },
  "landmark_21": {
    "x": 0.7334326505661011,
    "y": 0.22650331258773804
  },
  "landmark_22": {
    "x": 0.3196190893650055,
    "y": 0.23155143857002258
  },
  "landmark_23": {
    "x": 0.5525500178337097,
    "y": 0.48085275292396545
  },
  "landmark_24": {
    "x": 0.49964237213134766,
    "y": 0.4774300158023834
  },
  "landmark_25": {
    "x": 0.565471887588501,
    "y": 0.6755836606025696
  },
  "landmark_26": {
    "x": 0.49058663845062256,
    "y": 0.6751433610916138
  },
  "landmark_27": {
    "x": 0.5814625024795532,
    "y": 0.8778854608535767
  },
  "landmark_28": {
    "x": 0.47175973653793335,
    "y": 0.879193902015686
  },
  "landmark_31": {
    "x": 0.6031098365783691,
    "y": 0.9348710179328918
  },
  "landmark_32": {
    "x": 0.44617047905921936,
    "y": 0.9337469339370728
  }
}