{
  "landmark_0": {
    "x": 0.5167980194091797,
    "y": 0.18275809288024902
  },
  "landmark_1": {
    "x": 0.5363895893096924,
    "y": 0.16986441612243652
  },
  "landmark_2": {
    "x": 0.5465774536132812,
    "y": 0.170067697763443
  },
  "landmark_3": {
    "x": 0.5569974184036255,
    "y": 0.17051616311073303
  },
  "landmark_4": {
    "x": 0.5128720998764038,
    "y": 0.17078077793121338
  },
  "landmark_5": {
    "x": 0.5067946314811707,
    "y": 0.17157194018363953
  },
  "landmark_6": {
    "x": 0.5023093223571777,
    "y": 0.1726950705051422
  },
  "landmark_7": {
    "x": 0.5773900747299194,
    "y": 0.1814197301864624
  },
  "landmark_8": {
    "x": 0.5072575807571411,
    "y": 0.18315938115119934
  },
  "landmark_9": {
    "x": 0.538970947265625,
    "y": 0.20020338892936707
  },
  "landmark_10": {
    "x": 0.5059227347373962,
    "y": 0.1992475688457489
  },
  "landmark_11": {
    "x": 0.6469823122024536,
    "y": 0.30404847860336304
  },
  "landmark_12": {
    "x": 0.431532621383667,
    "y": 0.27559569478034973
  },
  "landmark_13": {
    "x": 0.5987702012062073,
    "y": 0.41309309005737305
  },
  "landmark_14": {
    "x": 0.4193160831928253,
    "y": 0.3967503607273102
  },
  "landmark_15": {
    "x": 0.5745851993560791,
    "y": 0.5107247829437256
  },
  "landmark_16": {
    "x": 0.42754462361335754,
    "y": 0.49023735523223877
  },
  "landmark_17": {
    "x": 0.5684016346931458,
    "y": 0.5374239087104797
  },
  "landmark_18": {
    "x": 0.42384853959083557,
    "y": 0.5218465328216553
  },
  "landmark_19": {
    "x": 0.5634979605674744,
    "y": 0.5388724207878113
  },
  "landmark_20": {
    "x": 0.4264589250087738,
    "y": 0.5254610776901245
  },
  "landmark_21": {
    "x": 0.5620996952056885,
    "y": 0.52601158618927
  },
  "landmark_22": {
    "x": 0.43041178584098816,
    "y": 0.5153399109840393
  },
  "landmark_23": {
    "x": 0.5781031847000122,
    "y": 0.5051457285881042
  },
  "landmark_24": {
    "x": 0.45116516947746277,
    "y": 0.496299147605896
  },
  "landmark_25": {
    "x": 0.5637212991714478,
    "y": 0.6889185905456543
  },
  "landmark_26": {
    "x": 0.3823049068450928,
    "y": 0.6951168179512024
  },
  "landmark_27": {
    "x": 0.5265949368476868,
    "y": 0.8717909455299377
  },
  "landmark_28": {
    "x": 0.273792028427124,
    "y": 0.8633067607879639
  },
  "landmark_29": {
    "x": 0.5179263353347778,
    "y": 0.8903348445892334
  },
  "landmark_30": {
    "x": 0.2714422643184662,
    "y": 0.8907054662704468
  },
  "landmark_31": {
    "x": 0.4946640729904175,
    "y": 0.9328677654266357
  },
  "landmark_32": {
    "x": 0.2439994215965271,
    "y": 0.9169928431510925
  }
}