{
  "landmark_100": {
    "x": 0.5084345489740372,
    "y": 0.3189682364463806
  },
  "landmark_101": {
    "x": 0.48095206916332245,
    "y": 0.5039141029119492
  },
  "landmark_0": {
    "x": 0.47838589549064636,
    "y": 0.24787692725658417
  },
  "landmark_11": {
    "x": 0.5938587784767151,
    "y": 0.3256291151046753
  },
  "landmark_12": {
    "x": 0.42301031947135925,
    "y": 0.31230735778808594
  },
  "landmark_13": {
    "x": 0.7025982141494751,
    "y": 0.33860278129577637
  },
  "landmark_14": {
    "x": 0.3038676381111145,
    "y": 0.32103076577186584
  },
  "landmark_15": {
    "x": 0.8235624432563782,
    "y": 0.31144893169403076
  },
  "landmark_16": {
    "x": 0.23859354853630066,
    "y": 0.3471822738647461
  },
  "landmark_21": {
    "x": 0.8487752676010132,
    "y": 0.3120684325695038
  },
  "landmark_22": {
    "x": 0.22728107869625092,
    "y": 0.3752601146697998
  },
  "landmark_23": {
    "x": 0.5298508405685425,
    "y": 0.5082035660743713
  },
  "landmark_24": {
    "x": 0.4320532977581024,
    "y": 0.499624639749527
  },
  "landmark_25": {
    "x": 0.46254947781562805,
    "y": 0.6733777523040771
  },
  "landmark_26": {
    "x": 0.41907718777656555,
    "y": 0.6783010959625244
  },
  "landmark_27": {
    "x": 0.39831846952438354,
    "y": 0.8551524877548218
  },
  "landmark_28": {
    "x": 0.5473894476890564,
    "y": 0.8339937925338745
  },
  "landmark_31": {
    "x": 0.40233245491981506,
    "y": 0.9216963052749634
  },
  "landmark_32": {
    "x": 0.49068865180015564,
    "y": 0.8942634463310242
  }
}