{
  "landmark_100": {
    "x": 0.5501050651073456,
    "y": 0.33933186531066895
  },
  "landmark_101": {
    "x": 0.5036383420228958,
    "y": 0.5590393245220184
  },
  "landmark_0": {
    "x": 0.540192186832428,
    "y": 0.25045764446258545
  },
  "landmark_11": {
    "x": 0.6537041068077087,
    "y": 0.34914952516555786
  },
  "landmark_12": {
    "x": 0.4465060234069824,
    "y": 0.32951420545578003
  },
  "landmark_13": {
    "x": 0.6722674369812012,
    "y": 0.46400129795074463
  },
  "landmark_14": {
    "x": 0.3065182566642761,
    "y": 0.33298832178115845
  },
  "landmark_15": {
    "x": 0.626133143901825,
    "y": 0.53831946849823
  },
  "landmark_16": {
    "x": 0.4161226749420166,
    "y": 0.28821679949760437
  },
  "landmark_21": {
    "x": 0.5950774550437927,
    "y": 0.5475365519523621
  },
  "landmark_22": {
    "x": 0.45845040678977966,
    "y": 0.28640955686569214
  },
  "landmark_23": {
    "x": 0.5590790510177612,
    "y": 0.5657707452774048
  },
  "landmark_24": {
    "x": 0.4481976330280304,
    "y": 0.5523079037666321
  },
  "landmark_25": {
    "x": 0.5366758704185486,
    "y": 0.73260498046875
  },
  "landmark_26": {
    "x": 0.369340181350708,
    "y": 0.7110385298728943
  },
  "landmark_27": {
    "x": 0.5166565775871277,
    "y": 0.8862805962562561
  },
  "landmark_28": {
    "x": 0.2764175832271576,
    "y": 0.8678465485572815
  },
  "landmark_31": {
    "x": 0.5170443654060364,
    "y": 0.9396631121635437
  },
  "landmark_32": {
    "x": 0.16007310152053833,
    "y": 0.8616905212402344
  }
}